characters,
Frodo Baggins,
Samwise Gamgee,
Aragorn,
Gandalf,
Legolas,
Gimli,
Boromir,
Meriadoc Brandybuck,
Peregrin Took,
Sauron,
Saruman,
Elrond,
Galadriel,
Arwen Undómiel,
Théoden,
Éomer,
Éowyn,
Denethor II,
Faramir,
Gollum,
Treebeard,
Tom Bombadil,
Goldberry,
Gríma Wormtongue,
Radagast,
Glorfindel,
Barliman Butterbur,
Bill Ferny,
Bilbo Baggins,
Lobelia Sackville-Baggins,
Fatty Bolger,
Rosie Cotton,
Ioreth,
Halbarad,
Gwaihir,
Haldir,
Celeborn,
Círdan,
Gil-galad,
Isildur,
Elendil,
Anárion,
Shelob,
The Witch-king of Angmar,
Khamûl,
Uglúk,
Shagrat,
Grishnákh,
Gorbag,
Lurtz,
Otho Sackville-Baggins,
Ted Sandyman,
Lotho Sackville-Baggins,
Beregond,
Bergil,
Iorlas,
Forlong,
Hirluin,
Duinhir,
Imrahil,
Galdor of the Havens,
Gamling,
Hama,
Déagol,
Bifur,
Bofur,
Bombur,
Balin,
Dwalin,
Thorin Oakenshield,
Dori,
Nori,
Ori,
Fili,
Kili,
Bard the Bowman,
Beorn,
Smaug,
Thranduil,
Tauriel,
Thrór,
Thrain II,
Azog,
Bolg,
Dáin Ironfoot,
Durin,
Narvi,
Celebrimbor,
Caranthir,
Celegorm,
Curufin,
Fingolfin,
Fingon,
Finrod Felagund,
Fëanor,
Maedhros,
Maglor,
Aegnor,
Amras,
Amrod,
Eärendil,
Idril,
Tuor,
Túrin Turambar,
Nienor Níniel,
Morwen,
Húrin,
Huor,
Rian,
Turgon,
Maeglin,
Voronwë,
Beren,
Lúthien,
Thingol,
Melian,
Mablung,
Beleg Cúthalion,
Haldir of Lórien,
Orophin,
Rúmil,
Elladan,
Elrohir,
Amroth,
Nimrodel,
Amdir,
Aredhel,
Eöl,
Aegnor,
Ecthelion of the Fountain,
Glorfindel,
Gwindor,
Huan,
Thorondor,
Ancalagon,
Gothmog,
Durin's Bane,
Ungoliant,
Morgoth,
Annatar,
Gilraen,
Eärnur,
Tar-Ancalimë,
Tar-Minastir,
Tar-Palantir,
Ar-Pharazôn,
Queen Berúthiel,
Bregalad,
Lothíriel,
Galdor of the Tree,
Barahir,
Finwë,
Míriel,
Indis,
Finarfin,
Ingwë,
Olwë,
Eärwen,
Melkor,
Caranthir,
Mahtan,
Amlach,
Angrod,
Beorn's Bees,
Grimbold,
Grithnir,
Androg,
Brandir,
Dorlas,
Glóin,
Bór,
Brodda,
Bëor,
Baragund,
Barahir,
Aerin,
Gelmir,
Gethron,
Hathaldir,
Hildor,
Hunthor,
Mîm,
Orgof,
Rían,
Saeros,
Sador,
Tuor Eladar,
Uldor,
Ulfast,
Ulfang,
Anárion,
Ohtar,
Isumbras Took,
Bandobras Took,
Gerontius Took,
Paladin Took II,
Pervinca Took,
Peregrin Took,
Theodred,
Guthlaf,
Haldir,
Helm Hammerhand,
Freca,
Wulf,
Elfwine,
Haleth,
Helm,
Idril Celebrindal,
Valandil,
Eldacar,
Castamir,
Thorongil,
Cirion,
Eorl,
Fram,
Léod,
Boromir,
Rían,
Saelon,
Haleth,
Halbarad,
Arador,
Arathorn II,
Gilraen the Fair,
Baldor,
Baranor,
Folcwine,
Déor,
Erkenbrand,
Brego,
Ceorl,
Fengel,
Fastred,
Aldor,
Fréaláf Hildeson,
Folca,
Glóredhel,
Meneldor,
Angbor,
Hirgon,
Lord of the Nazgûl,
Durin IV,
Fundin,
Nar,
Náin,
Nori,
Thror,
Thrain,
Brand,
Bain,
Thorin III Stonehelm,
Gwaihir,
Landroval,
Meneldor,
Gildor Inglorion,
Finrod Felagund,
Finarfin,
Amandil,
Mardil Voronwë,
Tar-Meneldur,
Elendil,
Mardil Voronwë,
Amandil,
Arvedui,
Malbeth the Seer,
Gladden Fields Orc,
Háma,
Marhísa,
Ulmo,
Voronwë,
Eönwë,
Tilion,
Irmo,
Vána,
Varda,
Oromë,
Aiwendil,
Pallando,
Alatar,
Ossë,
Uinen,
Aulë,
Mairon,
Tilion,
Tulkas,
Yavanna Kementári,
Nahar,
Shadowfax,
Snowmane,
Arod,
Bill the Pony,
Firefoot 