Female Names,Male Names,Non-Binary Names
Carol Bush,Gregory Carr,Cynthia Williams
Tamara Andrade,Tyler Manning,Joshua Christensen
Jennifer Miller,Trevor Hunt,Randall Hester
Morgan Hernandez,Cameron Robbins,Tammy Hernandez
Jennifer Obrien,Thomas Meadows,Kevin Robinson
Christina Davies,Nicholas Mack,Laura Stewart
Laura Suarez,Bobby Newman,Lisa Banks
Michele Anthony,Thomas Lloyd,Nicole Johnson
Brooke Martinez,Robert Russell,Jeffrey Thomas
Janet Andrews,Steven Johnson,Ashley Rivera
Emily English,Stanley Jensen,Karen Buchanan
Kelly Martinez,Lance Martin,Alexa Morrow
Debra Barber,Keith Davis,Kimberly Turner
Lisa Davis,Albert Ayers,Marcia Martinez
Jennifer Thomas,Adam Mejia,Trevor Ellis
Christine Barnes,Mike Jordan,Rachel Davis
Erin Edwards,Jeff Wang,Steven Palmer
Tina Henderson,John Holland,Stephanie Miller
Rachel Gomez,Casey Ortega,Sara Sutton
Amber Johnson,Tracy King,Paul Barr
Monica Cervantes,Bryan Crosby,Carolyn Dawson
Susan Stone,Andrew Bates,Charlene Perry
Brittney Sullivan,Kevin Leonard,Hannah Hansen
Christina Estes,Gary Carlson,James Hart
Teresa Mccormick,Paul Thomas,Christopher Colon
Bonnie Bryant,Stephen Sosa,Christina Williams
Rebecca Clark,Jeremy Garcia,Richard Lee
Cindy Anderson,Edward Jacobson,Sharon Hahn DDS
Suzanne Wagner,Bobby Anderson,Ryan Calderon
Rachel Wise,John Vargas,Jerry Martin
Danielle Melendez,Sean Rivera,Rita Bates
Andrea Erickson,Michael Smith,Ryan Williams
Dominique Kennedy,Terry Jimenez,Katie Mueller
Kaylee Baker,Edward Cobb,Michelle Jones
Mary Peters,Mr. William Kennedy,Valerie Campos
Stacey Moses,Stuart Montgomery,Debra Carr
Tracy Perry,Collin Murillo,Rebecca Becker
Carolyn Jones,Jacob Hampton,Christine English
Hannah Gray,Lance Campbell,Jamie Johnson
Elizabeth Simmons,Oscar Hernandez,Tammy Perry
Morgan Campos,Frederick Hughes,Diana Jackson
Stephanie Maynard,Stephen Moore,Andrew Henderson
Karen Sims,Gerald Matthews,Michael Willis
Amy Arias,Steven Powell,Kyle Santiago
Melinda Adams,Brian Garcia,William Obrien
Maureen Thompson,Robert Kaufman,John Johnson Jr.
Dr. Natasha Solis,David Harris,Brian Morales
Sheryl Patton,Jason Christensen,Jerry Clark
Cynthia Cannon,Joshua Mckinney MD,Michael Fisher
Heather Sanchez,John Mills,Thomas Bates
Regina Abbott,Richard Collier,Bruce Knox
Tiffany Reyes,Michael Pratt,Paige Stewart
Julie Reed,Jeffrey Love,Valerie Perez
Caroline Nguyen,Brian Miller,Tonya Neal
Jennifer Nguyen,James Richards,Lisa Fitzpatrick
Elizabeth Callahan,William Parker,Christopher Wyatt
Tina Rush,William Hinton,Leslie Smith
Crystal Gomez,Brent Smith,Daniel Bradley
Cindy Bowers,Connor Erickson,Katherine Parker
Denise Lucero,Michael Smith,Stacey Hoover
Anna Mcneil,Dustin Carr,Nicole Murphy
Denise Yates,Omar Young PhD,Monica Ramsey
Barbara Jones,Michael Cunningham,Malik Smith
Rebecca Jenkins,Mark Castillo,Brittany Mckinney
Kelly Ramsey,Christopher Campbell,Ind. Mary Quinn
Megan Chan,Daniel Adams,David Foster
Emily Small,Connor Smith,Brian Davis
Michelle Gordon,Paul Duncan,Michael Alexander
Brittany Cline,Joel Ford,Joel Mercado
Zoe Santiago,Jonathan Smith,Jacqueline Dominguez
Karina Deleon,James Nunez,Regina Flowers
Stephanie Foster,Jesse Hill,Charles Walsh
Suzanne Reynolds,James Smith,Ronnie Dillon
Danielle Flynn,Kevin Lambert,David Turner
Jennifer James,John Williams,Tamara Estrada
Michelle Flynn,Jason Hull,David Parker
Jennifer Gillespie,Charles Evans,Mark Bautista
Heather Harris,Christopher Allison,Shelby Browning
Brittany Jones,Thomas Castillo,Mx. Cassidy Mclean
Andrea Chan,William Morton,Mark Taylor
Angel Brown,Andrew Powell,Judy Hernandez
Shelby Pearson,Steven Huffman,Rachel Hunt
Jennifer Holmes,Nicholas Murray,Matthew Gregory
Rachel Ryan,Jeff Lane,Francisco Mcdonald
Lisa Little,David Ellis,Bradley Parrish
Jessica Carter,Jacob Parker,Victor Ortiz
Megan Martin,Victor Henderson,Wesley Soto
Toni Page,Steven Moore,Jeffrey Peterson
Gina Robles,Christopher Proctor,Joshua Mcmillan
Karen Soto,Paul Dawson,Ind. Holly Wolfe
Becky Johnson,Thomas Smith,Richard Nixon
Lori Smith,Jose Cook III,James Paul
Christina Berry,Francisco Lowe,John White
Donna Adams,Patrick Stevenson,Devin Johnson
Kristen Taylor,John Schultz,William Anderson
Tracey Guzman,Dylan Flores,Frank Smith
Jessica Sanchez,Adam Garcia,Samantha Brown
Amanda Fleming,Jacob Caldwell,Michael Baker
Lindsay Wilson,Wayne French,Laura Rivas
Madison Campbell,Kenneth Byrd,Mckenzie Browning
Deanna Robles,Ronald Bradley,Carol Wilson
Erica Nelson,Kevin Warner,Yvonne Bell
Rebecca Harper,Ryan Nelson,Ruth Morgan
Ashley Ramsey,Joseph Payne,Ryan Davis Jr.
Tamara Henry,Christopher Moss,Chloe Ramos
Angela Johnson,Steven Rice,Stephen Harris
Isabel Duncan,Steven Young,Billy Martin
Tammy Mendez,Benjamin Wilson,Paul Hernandez
Rachel Cochran,John Glass,Charles Calhoun
Maureen Bradshaw,Michael Hood,Lori Benton
Laura Newman,Nicholas Gonzalez,Mackenzie Ponce
Gina Curry,Mark Butler,Alicia Leon
Mary Jones,Robert Collins,James Edwards
Marie Pugh,Donald Klein,Alyssa Vazquez
Kelly Turner,Jerry Singh,Charles Briggs
Catherine Lee,Patrick Hicks,Abigail Lee
Danielle Ortiz,Ryan Klein,Renee Burke
Sarah Coffey,Scott Robinson,Elizabeth Stephens
Deanna Sandoval,Michael Harris,Lee Perez
Lynn Delgado,Kenneth Gould,Curtis Richardson
Karla Bailey,Philip Garcia,Kathryn Roman
Katrina Sims,Aaron King,Gabriel Green
Ashley Barker,David Ryan,Michael Baker
Rebecca Bullock,Jordan Gonzalez,Larry Clark
Amy Brennan,Robert Pham,Amber Sanchez
Samantha Palmer,Todd Ross,Jamie Carr
Angela Davis,Michael Williams,Billy Pearson
Elizabeth Williams,Andrew Hogan,Kyle Brown
Katherine Brown,Anthony Young,Kim French
Jasmine Norris,William Osborne,Michael Keith
Laura Turner,Zachary Martin,Katherine Gallegos
Debra Grant,Justin Martin,Sarah Jensen DDS
Mary Ford,Alex Hebert,Michael Garrett
Krista Hurley,Lee Todd,Nicole Lucas
Marissa Farley,Antonio Hawkins,Angela Pittman
Judy Alvarado,Robert Rivera,Paula Newman
Emily Powell,Isaac Diaz,Cathy Simon
Shannon Christian,Wayne Wagner,Mx. Karen Williams DDS
Melissa Morton,Michael Valdez,Joseph Obrien
Jillian Morris,Brandon Wilson,Olivia Payne
Elizabeth Mcdonald,Nicholas Joseph,Mark Nguyen
Susan Carlson,Bryan Miller,Theodore Perez
Brenda Martinez,Alexander Rosales,Rhonda Mcdaniel
Judith Torres,Christian Weaver DDS,Isabella Martin
Catherine Olson,Gregory Williams,Richard Adkins
Jacqueline Mendoza,Drew Miller,David Graves
Jill Johnson DVM,Martin Walker,Elizabeth Smith
Monica Reyes,Paul Roy Jr.,Molly Wilson
Brenda Hernandez,Randy Carlson,Lisa Watson
Sarah Jones,Cody Clayton,Nicole Huang
Monica Bennett,Jason Chapman,Dr. Marissa Smith
Judy Travis,Nicholas Peterson,Renee Walker
Samantha Gutierrez MD,James Peterson,Emily Phillips
Melanie Evans,Timothy Lyons,Jeremy Stone
Vanessa Brooks,Victor Barrera,Angela Smith
Dr. Stacey Mcgee,John Richard,Michael Webster
Jessica Torres,Mr. Thomas Johnson,Andrew Joseph
Bonnie Henry,Dwayne Weaver,Alexis Lowery
Kristen Campbell,Andrew Freeman,Lauren Daniels
Grace Burgess,James Lewis,Susan Chapman
Jamie Scott,John Strickland,Alyssa Jensen
Lisa Kelly MD,Kevin Colon,Brandy Garcia
Kelsey Young,Micheal Vega,Robert Morris
Yvonne Trujillo,Brian Floyd,Frances Perez
Sherri Hicks,Eric Curtis,David Ortiz
Susan Sweeney,Brian Sandoval,Melanie Brown
Teresa Lynch,Austin Sherman,Melissa Hensley
Ashley Bates,Brent Blackburn,Timothy Patrick
Michelle Campos,Jared Smith,Shane Lawrence
Susan Romero,Robert Berg,Jimmy Murphy
Rhonda Smith,Devon Morris,Sylvia Mendez
Robin Lawson,John Smith,Margaret Reid
Julia Cowan,Stephen West,Jon Bartlett
Maria Berry,Gregory Jones,Andrew Valentine
Mary Andrews,Mr. Brent Miller,Andrea Walker
Jenna Perez,Manuel Stewart,Allison Price
Elaine Smith,Paul Perez,Jennifer Clark
Zoe Hill,David Freeman,Mx. Mary Stewart
Tina Miller,Alexander Thompson,Adriana Johnson
Tina Clements,Donald Rodriguez,Kristin Frazier
Holly Edwards,Kenneth Johnson,John Ray
Vanessa Morales,Joseph Stevens,Mikayla Lee
Amanda Nguyen,Paul Gordon,Thomas Jackson
Emily Anthony,Thomas Harmon,Theodore White
Samantha Sullivan,Michael Morris,Jennifer Wiley
Monique May,Scott King,Misc. Todd Robertson
Jennifer Fitzgerald,James Garcia,Jeanette Rogers
Laura Hahn,Robert Campos,John Rivas
Cheryl Wolfe,Michael Miller,Debra Ellis
Megan Taylor,Christopher Smith,Susan Silva
Alyssa Sparks,Douglas Chan,Amanda Petty
Jessica Robinson,Kevin Ray,Andrea Parsons
Amy Taylor,Austin Chavez DVM,Brianna Parks
Christina Monroe,Michael Johnson,Crystal Olsen
Emily Dudley,Brian Torres,Amanda Porter
Vicki Brewer,Frank Brewer,Lori Morgan
Amanda Burns,Micheal Johnson,Scott Whitney
Mariah Elliott,Brent Young,Wendy Craig
Amy May,Christopher Simmons,Brady Gonzalez
Kristina Rojas,Jason Williams,Tracey Cox
Sarah Powell,Jose Compton,Ashley Schmidt
Elizabeth Marsh,Cody Montgomery,Michelle Rodriguez
Colleen Mueller,Scott Dixon,Robert Johnson
Angela Gibbs,Tyler Hill,Martha Herrera
Sheena Phillips,Phillip Shaw,Brian Scott
Amanda Tucker,Curtis Singh,Gregg Perez
Jeanne Cooper,Joseph Ortiz,Colleen Steele
Melissa Miller,John Williams,Kathryn Smith
Carrie Spencer,Mark Mueller,Katherine Reed
Tara Hill,John Mueller,Elizabeth Miller Jr.
Sally Mcconnell,Patrick Gilbert,Ryan Parker
Heather Houston,Michael Carr,Gary James
Jennifer Simon,Wesley Martinez,Sarah Ramirez
Leah White,Matthew Ellis,Keith Willis
Laura Cowan,James Diaz,Ind. Adrian Dalton
Theresa Brown,Logan Zimmerman,Krista Jacobs
Erica Ortega,Jeremy Thompson,Richard Wright
Teresa Griffith,William Russell,Mx. Amanda Turner
Cheryl Nichols,William Williamson,Jacqueline White
Nicole Arnold,Michael Benitez,William Watts
Jennifer Mcclain,Robert Estrada,Dennis Smith
Yesenia Pacheco,Michael Scott,Dr. Mario Gibbs
Stacy Jordan,Andrew Mora,David Nichols
Stephanie Vasquez,Michael Norman,Karen Bryant
Brenda Thompson,Jerry Robbins,Barbara Frost
Kelly Murphy,Drew Mcdonald,Elizabeth Alexander
Kathy Jackson,Daniel Leonard,Bryan Hughes
Melissa Stewart,William Harris DVM,Jose Gray
Courtney Arias,Richard Wells,Jesse Johnson
Rhonda Duncan,Jonathan Gray,Christopher Robinson
Robin Carter,Eric Adams,Jeanette Randolph
Caitlyn Alexander,William Lee,Walter Welch
Vanessa Bradley,Patrick Powell,Mx. Alejandro Quinn MD
Samantha Lin,Robert Leon,Gary Thomas
Julie Smith,Stephen Spence,Diana Jenkins
Brittany Morgan,Richard Davis,Kathleen Lewis
Jennifer Zuniga,Blake Stephens,David Alexander
Patricia Keller,Michael Doyle,Marvin Rodriguez
Donna Hernandez,Gregory Woodard,Crystal Jimenez
Isabel Caldwell,Danny Knox,Marissa Morrison
Dr. Rebecca Blevins,Brian Curtis,Tracey Cisneros
Patty Mcmillan,Shannon Le,Dr. Aaron Nelson
Victoria Case,Mr. Steven Phillips,David Chavez
Jennifer Moon,Oscar Conway,Ricky Olson
Lisa Hart,Jon Fleming,Emily Schmidt
Kimberly Yang,Alexander Jones,Richard Garcia
Ashley Clark,Jack Boyle,Charles Rivera
Kathleen Chapman,Craig Choi,Karen Navarro
Tanya Rivers,Alfred Turner,Brian Edwards
Regina Guerrero,Matthew Poole,Christian Gordon
Bonnie Aguilar,Jacob Gray,Mark Cole
Danielle Pacheco,Willie Wilson,Mathew Morris
Heather Ramirez,Nathan Evans,Wesley Rogers
Maureen Luna,Jonathan Vega,Beth Glass
Laura Wheeler,Gregory Hurst,Carla Gray
Jennifer Green,Gregory Valencia,Kenneth Bradley
Mary Flores,Peter Singleton,Thomas Watts
Maria Allen,Adam Harrison,David Mcdonald
Jessica Galvan,Michael Hill,Karen Cunningham
Kathleen Velasquez,Justin Hunt,Brian Gordon
Tammy Hardy,Patrick Walton,Amanda Peterson
Abigail Gill,Mark Moreno,Roger Bryant
Sandra Diaz,Keith Grant,Robyn Fields
Jacqueline Malone,Mr. Jason Mccoy,Justin Herrera
Kimberly Thompson,Kenneth Fuller,Paul Brown
Susan Henderson,Adam Hurst,Tina White
Courtney Duffy,Jonathan Nelson,Matthew Gallegos
Joanna Pruitt,Tommy Foster,Misc. Deanna Waters
Diamond Johnson,Michael Matthews,Alexis Olson
Christina Keller,Jerry Singh,Thomas Smith
Sarah Hart,Michael Bell,Karen Gonzales
Kristen Moore,Albert Johnson,Pamela Munoz
Barbara Clayton,Luke Ellis,April Hicks
Jordan Miller,Patrick Gonzalez,Mx. Jason Leonard Jr.
Julie Vaughan MD,David Colon MD,Angelica Guerra
Samantha Warren,Scott Pierce,Joseph Dougherty
Jade Graham,Antonio Hernandez,Rebecca Howell
Nicole West,Paul Davis,Heather Reynolds
Dr. Meagan Gonzalez MD,Jason Bell,Jennifer Strickland
Nancy Sloan,Gary Barajas,Joseph Cox
Mrs. Christina Mills,Robert Yu,Glenn Thompson
Barbara Hall,Steven Martin,Kristin Williams
Jasmine Hall,Michael Edwards,Judith Watson
Alicia Adkins,Derrick Lewis,Jennifer Phelps Jr.
Kimberly Jacobs,Christopher Dunn,Carlos Stokes
Rachel Walls,Donald Powell,Kristine Watts
Danielle Carter,Brian Williamson,John Willis
Christina Montgomery,Nicholas Garrison,Laura Jackson
Pamela Fisher,Derek Jordan,Timothy Jones
Cynthia Larson,James Brady,Cassandra Sawyer
Megan Kennedy,Benjamin Marshall,Angela Kerr
Vicki Mcfarland,Andrew Cherry,Jennifer Moses
Holly Jones,Bobby Clark,Tammy Calhoun
Lindsey Miller,Steve Davenport,Anthony Edwards
Christine Gonzalez,James Freeman,Andrew Lee
Julie Christensen,Vincent Conner,Mallory Cabrera
Katie Watts,William Spencer,Charles Atkins
Tammy Ayers,Keith Green,Randall Mcknight
Donna Sawyer,Tyler Elliott,Brian Dougherty
Kimberly Anderson,Robert Erickson,Todd Quinn
Cynthia Nguyen,Brian Simpson,Sergio Brown
Stephanie Gilbert,Anthony Perry,Haley Cohen
Jody Hanson,Joseph Clark,Laura Parker
Tonya Nguyen,Christopher Ferrell,Jennifer Nelson
Michelle King,Eric Rush,Charles Khan
Sara Chandler,Joseph Mason,Collin Lane
Stephanie Hunt,James Garrett,Alexander Davidson
Nicole Henson,Eddie Juarez,Heather Mitchell
Sara Walker,Tyler Boyer,Victoria Barton
Jessica Hickman,John Johnson,Matthew Allen
Angela Owens,Daniel Cruz,James Cohen
Melinda Hoover,Caleb Lane,Jennifer Castro
Barbara Fox,John Harrison,Heidi Rose
Teresa Lane,Alvin Cameron,Jeffrey Mills
Elizabeth Jones,Jason Logan,Albert Maynard
Michelle Moore,Luis Colon,Jesse Diaz
Linda George,John Wang,Daniel Edwards
Amber Flynn,Michael Duke,Robert Brown
Rachel Hodge,Ryan Oconnor,Carlos Swanson
Suzanne Lawrence,Austin Schneider,Shirley Gibbs
Angelica Miller,John Ramirez,Kristen King
Kayla Smith,Michael Carter,Stephanie Rose
Robin Allen,Carl Leon,April Good
Morgan Sellers,Michael Lee,Christopher Harmon
Rachel Ware,John Green,Victoria Boyd
Stephanie Herrera,Michael Cannon,Juan Mckay
Laura Sullivan,Raymond Hawkins,Paul Hernandez
Lori Hayes,Paul Garcia,Michael Roberts
Julie Hoffman,Patrick Brown,Geoffrey Smith
Carol Jones,Richard Smith,Cindy Henry
Mary Lin,Dr. Nicholas Hernandez,Victor Ruiz
Charlene Ho,Michael Allen,Makayla Buchanan
Sabrina Kaiser,Brandon Wells,Robert Manning
Terri Johnson,David Pratt,Jeremy Harmon
Christine Brock,Kevin Mcdonald,Antonio Koch
Katherine West,Carlos Bird,Christina Brown
Rachel Stewart,Timothy Munoz,Randall Zimmerman
Darlene Gomez,Michael Lane,Emma Mcdonald
Stephanie Moreno,Richard Taylor,Melissa Rangel
Holly Robinson,Benjamin Ortiz,Warren Moody
Cassandra Mitchell,John Scott,Wanda Chapman
Penny Cooper,Lee Randolph,Maria Parker
Tonya Oconnor,Jeremy Garcia,Rebecca Grant
Mrs. Donna Alexander MD,Andrew Garza,Alicia Wells
Darlene Miller,Gerald Hurley,Reginald Wright
Sarah Barker,Benjamin Wilson,Sherry Oconnell
Mrs. Pamela Webb,Ryan Howell,Zachary Jones
Alexis Lin,Andrew Wilson,Kim Fitzgerald
Kayla Reyes,Matthew Flores,Kayla Neal
Stephanie Figueroa,Craig Garcia,Joshua Wilkins
Donna Gomez,Juan Freeman,Emily Bennett
Michelle Little,Casey Berger,David Smith
Megan Cox,Samuel Hunt,Joseph Holmes
Jaime Bennett,Chase Peters,James Sharp
Melissa Rodriguez,Marcus Smith,Sheila Medina
Stephanie English,Jesse Duran Jr.,Edward Harvey
Brooke Oconnor,Craig Silva,Mx. Michele Hill
Jamie Lopez DDS,Erik Chapman,Michelle Johnson
Deborah Weber,Jon Singh,Jessica Phillips
Valerie Williams,Brett Garcia,Carol Snyder
Jessica Baker,Brian Johnson,Calvin Davenport
Heidi Martinez,Fred Johnson,Gabriel Taylor
Shannon Wilson,Gregory Anthony,Michael Pena
Erin Sanford,Christopher Rogers,Penny Clark
Andrea Simmons,Christopher Perez,Marissa Hernandez
Jessica Russell PhD,Caleb Gonzalez,Scott Reed
Amanda Taylor,Christopher Stout,Brandon Erickson
Mrs. Leah Bullock,Russell Scott MD,Brandon Tapia
Breanna Perez,Cameron Terry,Craig Wilson
Peggy Flynn,Jeremy Cummings,Christina Bryant
Lisa Anderson,Thomas Perry,Devin Mccoy
Samantha Frost,Robert Roberson,Jennifer Cole
Kimberly Miller,Patrick Bradshaw,William Tucker
Kristie Erickson,John Brown,Vincent Malone
Rose King,Christopher Cherry,Alexander Morgan
Jennifer Gallegos,David Charles,Alexander Garrett
Kristen Rodriguez,Timothy Burton,Julie Webb
Tammy Martinez,Joseph Reed,Douglas Blackburn
Danielle Griffin,Jamie Phillips,Katherine Martinez
Karen Moreno,Sean Lutz,Angela Phillips
Diane King,Jerry Nelson,Natalie Howell
Ashley Taylor,Nathan Huber,Teresa Bird
Alicia Davidson,Bryan Lam,Julie Ingram
Amanda Jones,Alan Drake,Steven Brown
Jessica Brewer,Alex Curry,Jeffery Lin
Yolanda Key,Christopher Valenzuela,Kevin Moore
Shawna Knight,Robert Wright,Holly Bradford
Maria Kidd,Curtis Wade,Kelly Kent
Felicia Castillo,Ruben Hughes,Charles Mayer
Karen Hodge,Dustin Ramos,John Sanchez
Susan Lee,Juan Soto,Bradley Cross
Susan Bennett,Ronald Gonzalez,Brett Martinez
Mary Mason,Christopher Ramirez,Wesley Clarke
Krystal Brooks,Shawn Garrison,Edward Hughes
Linda Walton,Leon Hart,Melinda Barrett
Alisha Wilson,Matthew Smith,Kelly Maxwell
Jessica West,Jordan Scott,Victoria James
Dr. Krista Adams,Andrew Phillips,Taylor Schultz
Tina Fry,Devin Peterson,Brittany Cobb
Pamela Vasquez,Bradley Lee,Kaitlyn Perez
